{"day": 450, "astronauts": [{"id": "a1", "name": "Alex", "bodyMassKg": 75.0, "dailyCalorieNeed": 3000.0, "dailyProteinNeedG": 112.5, "dailyWaterNeedL": 2.3, "carbTargetPct": 0.5, "proteinTargetPct": 0.175, "fatTargetPct": 0.325, "vitaminA_ug": 900.0, "vitaminC_mg": 90.0, "vitaminK_ug": 120.0, "folate_ug": 400.0, "potassium_mg": 4700.0, "calorieDeficitAccumulated": 30367.19844543067, "proteinDeficitAccumulated": 6700.642320450865, "hydrationLevel": 1.0, "micronutrientScore": 0.9662636913156057, "cognitivePerformance": 0.38650547652624234, "boneHealthScore": 0.8439999999999999, "immuneScore": 0.9356037084732071, "isAlive": true, "storedFoodCalories": 295.8072749808771, "storedFoodProteinG": 0.0}, {"id": "a2", "name": "Jordan", "bodyMassKg": 75.0, "dailyCalorieNeed": 3000.0, "dailyProteinNeedG": 112.5, "dailyWaterNeedL": 2.3, "carbTargetPct": 0.5, "proteinTargetPct": 0.175, "fatTargetPct": 0.325, "vitaminA_ug": 900.0, "vitaminC_mg": 90.0, "vitaminK_ug": 120.0, "folate_ug": 400.0, "potassium_mg": 4700.0, "calorieDeficitAccumulated": 30367.19844543067, "proteinDeficitAccumulated": 6700.642320450865, "hydrationLevel": 1.0, "micronutrientScore": 0.9662636913156057, "cognitivePerformance": 0.38650547652624234, "boneHealthScore": 0.8439999999999999, "immuneScore": 0.9356037084732071, "isAlive": true, "storedFoodCalories": 295.8072749808771, "storedFoodProteinG": 0.0}, {"id": "a3", "name": "Sam", "bodyMassKg": 75.0, "dailyCalorieNeed": 3000.0, "dailyProteinNeedG": 112.5, "dailyWaterNeedL": 2.3, "carbTargetPct": 0.5, "proteinTargetPct": 0.175, "fatTargetPct": 0.325, "vitaminA_ug": 900.0, "vitaminC_mg": 90.0, "vitaminK_ug": 120.0, "folate_ug": 400.0, "potassium_mg": 4700.0, "calorieDeficitAccumulated": 30367.19844543067, "proteinDeficitAccumulated": 6700.642320450865, "hydrationLevel": 1.0, "micronutrientScore": 0.9662636913156057, "cognitivePerformance": 0.38650547652624234, "boneHealthScore": 0.8439999999999999, "immuneScore": 0.9356037084732071, "isAlive": true, "storedFoodCalories": 295.8072749808771, "storedFoodProteinG": 0.0}, {"id": "a4", "name": "Riley", "bodyMassKg": 75.0, "dailyCalorieNeed": 3000.0, "dailyProteinNeedG": 112.5, "dailyWaterNeedL": 2.3, "carbTargetPct": 0.5, "proteinTargetPct": 0.175, "fatTargetPct": 0.325, "vitaminA_ug": 900.0, "vitaminC_mg": 90.0, "vitaminK_ug": 120.0, "folate_ug": 400.0, "potassium_mg": 4700.0, "calorieDeficitAccumulated": 30367.19844543067, "proteinDeficitAccumulated": 6700.642320450865, "hydrationLevel": 1.0, "micronutrientScore": 0.9662636913156057, "cognitivePerformance": 0.38650547652624234, "boneHealthScore": 0.8439999999999999, "immuneScore": 0.9356037084732071, "isAlive": true, "storedFoodCalories": 295.8072749808771, "storedFoodProteinG": 0.0}], "plants": [{"name": "Potato", "area_m2": 300.0, "hydration": 64.0, "days_planted": 42, "growth_cycle_days": 90, "plant_id": "291f52f5"}, {"name": "Beans", "area_m2": 60.0, "hydration": 100.0, "days_planted": 0, "growth_cycle_days": 60, "plant_id": "173f7f72"}, {"name": "Lettuce", "area_m2": 40.0, "hydration": 64.0, "days_planted": 18, "growth_cycle_days": 35, "plant_id": "81df695c"}, {"name": "Radish", "area_m2": 30.0, "hydration": 74.0, "days_planted": 13, "growth_cycle_days": 25, "plant_id": "14b9e526"}, {"name": "Herbs", "area_m2": 20.0, "hydration": 74.0, "days_planted": 13, "growth_cycle_days": 30, "plant_id": "a8acc397"}], "resources": {"water_liters": 14956.000000000786, "growing_area_m2": 450.0, "energy_kwh": 500.0}, "inventory": {"Potato": 208.04203081926707, "Lettuce": 49.51827558908215, "Radish": 32.864642406325075, "Beans": 71.34797990345157, "Herbs": 12.145307191626742}}