{"day": 84, "astronauts": [{"id": "a1", "name": "Alex", "bodyMassKg": 75.0, "dailyCalorieNeed": 3000.0, "dailyProteinNeedG": 112.5, "dailyWaterNeedL": 2.3, "carbTargetPct": 0.5, "proteinTargetPct": 0.175, "fatTargetPct": 0.325, "vitaminA_ug": 900.0, "vitaminC_mg": 90.0, "vitaminK_ug": 120.0, "folate_ug": 400.0, "potassium_mg": 4700.0, "calorieDeficitAccumulated": 9.094947017729282e-13, "proteinDeficitAccumulated": 869.5970494293646, "hydrationLevel": 1.0, "micronutrientScore": 0.5877732520181799, "cognitivePerformance": 0.835109300807272, "boneHealthScore": 0.837176000000001, "immuneScore": 0.4832585239057197, "isAlive": true, "storedFoodCalories": 3375.1850000000027, "storedFoodProteinG": 0.0}, {"id": "a2", "name": "Jordan", "bodyMassKg": 75.0, "dailyCalorieNeed": 3000.0, "dailyProteinNeedG": 112.5, "dailyWaterNeedL": 2.3, "carbTargetPct": 0.5, "proteinTargetPct": 0.175, "fatTargetPct": 0.325, "vitaminA_ug": 900.0, "vitaminC_mg": 90.0, "vitaminK_ug": 120.0, "folate_ug": 400.0, "potassium_mg": 4700.0, "calorieDeficitAccumulated": 9.094947017729282e-13, "proteinDeficitAccumulated": 869.5970494293646, "hydrationLevel": 1.0, "micronutrientScore": 0.5877732520181799, "cognitivePerformance": 0.835109300807272, "boneHealthScore": 0.837176000000001, "immuneScore": 0.4832585239057197, "isAlive": true, "storedFoodCalories": 3375.1850000000027, "storedFoodProteinG": 0.0}, {"id": "a3", "name": "Sam", "bodyMassKg": 75.0, "dailyCalorieNeed": 3000.0, "dailyProteinNeedG": 112.5, "dailyWaterNeedL": 2.3, "carbTargetPct": 0.5, "proteinTargetPct": 0.175, "fatTargetPct": 0.325, "vitaminA_ug": 900.0, "vitaminC_mg": 90.0, "vitaminK_ug": 120.0, "folate_ug": 400.0, "potassium_mg": 4700.0, "calorieDeficitAccumulated": 9.094947017729282e-13, "proteinDeficitAccumulated": 869.5970494293646, "hydrationLevel": 1.0, "micronutrientScore": 0.5877732520181799, "cognitivePerformance": 0.835109300807272, "boneHealthScore": 0.837176000000001, "immuneScore": 0.4832585239057197, "isAlive": true, "storedFoodCalories": 3375.1850000000027, "storedFoodProteinG": 0.0}, {"id": "a4", "name": "Riley", "bodyMassKg": 75.0, "dailyCalorieNeed": 3000.0, "dailyProteinNeedG": 112.5, "dailyWaterNeedL": 2.3, "carbTargetPct": 0.5, "proteinTargetPct": 0.175, "fatTargetPct": 0.325, "vitaminA_ug": 900.0, "vitaminC_mg": 90.0, "vitaminK_ug": 120.0, "folate_ug": 400.0, "potassium_mg": 4700.0, "calorieDeficitAccumulated": 9.094947017729282e-13, "proteinDeficitAccumulated": 869.5970494293646, "hydrationLevel": 1.0, "micronutrientScore": 0.5877732520181799, "cognitivePerformance": 0.835109300807272, "boneHealthScore": 0.837176000000001, "immuneScore": 0.4832585239057197, "isAlive": true, "storedFoodCalories": 3375.1850000000027, "storedFoodProteinG": 0.0}], "plants": [{"name": "Potato", "area_m2": 300.0, "hydration": 67.36163541684343, "days_planted": 16, "growth_cycle_days": 90, "plant_id": "6816cf36"}, {"name": "Beans", "area_m2": 60.0, "hydration": 60.10491097447222, "days_planted": 39, "growth_cycle_days": 60, "plant_id": "b9c6e67f"}, {"name": "Lettuce", "area_m2": 40.0, "hydration": 93.20388500551269, "days_planted": 3, "growth_cycle_days": 35, "plant_id": "94b0f5fd"}, {"name": "Radish", "area_m2": 30.0, "hydration": 79.39854309218899, "days_planted": 8, "growth_cycle_days": 25, "plant_id": "d7f98f6e"}, {"name": "Herbs", "area_m2": 20.0, "hydration": 62.86624887626162, "days_planted": 15, "growth_cycle_days": 30, "plant_id": "20ac43d6"}], "resources": {"water_liters": 25578.03999999998, "growing_area_m2": 450.0, "energy_kwh": 500.0}, "inventory": {"Potato": 437.1803766163415, "Lettuce": 69.4413144406046, "Radish": 22.868709492122324, "Beans": 0.0, "Herbs": 7.347040524290966}, "mars_env": {"external_pressure_mbar": 6.5, "greenhouse_pressure_mbar": 1013.0, "external_co2_pct": 95.32, "greenhouse_co2_ppm": 1000.0, "external_temp_c": -63.0, "greenhouse_temp_c": 22.0, "solar_irradiance_wm2": 590.0, "led_supplement_par": 200.0, "radiation_msv_per_day": 0.67, "greenhouse_shielding": 0.7, "gravity_ms2": 3.721, "gravity_factor": 0.38, "dust_storm_active": false, "dust_storm_days_remaining": 0, "dust_storm_severity": 0.0}}