{"day": 239, "astronauts": [{"id": "a1", "name": "Alex", "bodyMassKg": 75.0, "dailyCalorieNeed": 3000.0, "dailyProteinNeedG": 112.5, "dailyWaterNeedL": 2.3, "carbTargetPct": 0.5, "proteinTargetPct": 0.175, "fatTargetPct": 0.325, "vitaminA_ug": 900.0, "vitaminC_mg": 90.0, "vitaminK_ug": 120.0, "folate_ug": 400.0, "potassium_mg": 4700.0, "calorieDeficitAccumulated": 7664.902123903199, "proteinDeficitAccumulated": 3526.7911059704866, "hydrationLevel": 1.0, "micronutrientScore": 0.9702863010920244, "cognitivePerformance": 0.8348164779587457, "boneHealthScore": 0.8679999999999999, "immuneScore": 0.9451500058258453, "isAlive": true, "storedFoodCalories": 457.84768380638525, "storedFoodProteinG": 0.0}, {"id": "a2", "name": "Jordan", "bodyMassKg": 75.0, "dailyCalorieNeed": 3000.0, "dailyProteinNeedG": 112.5, "dailyWaterNeedL": 2.3, "carbTargetPct": 0.5, "proteinTargetPct": 0.175, "fatTargetPct": 0.325, "vitaminA_ug": 900.0, "vitaminC_mg": 90.0, "vitaminK_ug": 120.0, "folate_ug": 400.0, "potassium_mg": 4700.0, "calorieDeficitAccumulated": 7664.902123903199, "proteinDeficitAccumulated": 3526.7911059704866, "hydrationLevel": 1.0, "micronutrientScore": 0.9702863010920244, "cognitivePerformance": 0.8348164779587457, "boneHealthScore": 0.8679999999999999, "immuneScore": 0.9451500058258453, "isAlive": true, "storedFoodCalories": 457.84768380638525, "storedFoodProteinG": 0.0}, {"id": "a3", "name": "Sam", "bodyMassKg": 75.0, "dailyCalorieNeed": 3000.0, "dailyProteinNeedG": 112.5, "dailyWaterNeedL": 2.3, "carbTargetPct": 0.5, "proteinTargetPct": 0.175, "fatTargetPct": 0.325, "vitaminA_ug": 900.0, "vitaminC_mg": 90.0, "vitaminK_ug": 120.0, "folate_ug": 400.0, "potassium_mg": 4700.0, "calorieDeficitAccumulated": 7664.902123903199, "proteinDeficitAccumulated": 3526.7911059704866, "hydrationLevel": 1.0, "micronutrientScore": 0.9702863010920244, "cognitivePerformance": 0.8348164779587457, "boneHealthScore": 0.8679999999999999, "immuneScore": 0.9451500058258453, "isAlive": true, "storedFoodCalories": 457.84768380638525, "storedFoodProteinG": 0.0}, {"id": "a4", "name": "Riley", "bodyMassKg": 75.0, "dailyCalorieNeed": 3000.0, "dailyProteinNeedG": 112.5, "dailyWaterNeedL": 2.3, "carbTargetPct": 0.5, "proteinTargetPct": 0.175, "fatTargetPct": 0.325, "vitaminA_ug": 900.0, "vitaminC_mg": 90.0, "vitaminK_ug": 120.0, "folate_ug": 400.0, "potassium_mg": 4700.0, "calorieDeficitAccumulated": 7664.902123903199, "proteinDeficitAccumulated": 3526.7911059704866, "hydrationLevel": 1.0, "micronutrientScore": 0.9702863010920244, "cognitivePerformance": 0.8348164779587457, "boneHealthScore": 0.8679999999999999, "immuneScore": 0.9451500058258453, "isAlive": true, "storedFoodCalories": 457.84768380638525, "storedFoodProteinG": 0.0}], "plants": [{"name": "Potato", "area_m2": 300.0, "hydration": 82.0, "days_planted": 35, "growth_cycle_days": 90, "plant_id": "73677531"}, {"name": "Beans", "area_m2": 60.0, "hydration": 92.0, "days_planted": 14, "growth_cycle_days": 60, "plant_id": "fe4fb94f"}, {"name": "Lettuce", "area_m2": 40.0, "hydration": 82.0, "days_planted": 23, "growth_cycle_days": 35, "plant_id": "55e7ed1f"}, {"name": "Radish", "area_m2": 30.0, "hydration": 98.0, "days_planted": 11, "growth_cycle_days": 25, "plant_id": "d8643f2c"}, {"name": "Herbs", "area_m2": 20.0, "hydration": 100.0, "days_planted": 9, "growth_cycle_days": 30, "plant_id": "a85b753a"}], "resources": {"water_liters": 22065.120000000417, "growing_area_m2": 450.0, "energy_kwh": 500.0}, "inventory": {"Potato": 301.60860659409997, "Lettuce": 40.691841288102225, "Radish": 42.14713904724491, "Beans": 40.17525360399909, "Herbs": 16.394391671078893}}