{"day": 79, "astronauts": [{"id": "a1", "name": "Alex", "bodyMassKg": 75.0, "dailyCalorieNeed": 3000.0, "dailyProteinNeedG": 112.5, "dailyWaterNeedL": 2.3, "carbTargetPct": 0.5, "proteinTargetPct": 0.175, "fatTargetPct": 0.325, "vitaminA_ug": 900.0, "vitaminC_mg": 90.0, "vitaminK_ug": 120.0, "folate_ug": 400.0, "potassium_mg": 4700.0, "calorieDeficitAccumulated": 1.8189894035458565e-12, "proteinDeficitAccumulated": 731.5740768916878, "hydrationLevel": 1.0, "micronutrientScore": 0.47579274306905023, "cognitivePerformance": 0.79031709722762, "boneHealthScore": 0.839606000000001, "immuneScore": 0.4071633156190032, "isAlive": true, "storedFoodCalories": 3375.185000000003, "storedFoodProteinG": 0.0}, {"id": "a2", "name": "Jordan", "bodyMassKg": 75.0, "dailyCalorieNeed": 3000.0, "dailyProteinNeedG": 112.5, "dailyWaterNeedL": 2.3, "carbTargetPct": 0.5, "proteinTargetPct": 0.175, "fatTargetPct": 0.325, "vitaminA_ug": 900.0, "vitaminC_mg": 90.0, "vitaminK_ug": 120.0, "folate_ug": 400.0, "potassium_mg": 4700.0, "calorieDeficitAccumulated": 1.8189894035458565e-12, "proteinDeficitAccumulated": 731.5740768916878, "hydrationLevel": 1.0, "micronutrientScore": 0.47579274306905023, "cognitivePerformance": 0.79031709722762, "boneHealthScore": 0.839606000000001, "immuneScore": 0.4071633156190032, "isAlive": true, "storedFoodCalories": 3375.185000000003, "storedFoodProteinG": 0.0}, {"id": "a3", "name": "Sam", "bodyMassKg": 75.0, "dailyCalorieNeed": 3000.0, "dailyProteinNeedG": 112.5, "dailyWaterNeedL": 2.3, "carbTargetPct": 0.5, "proteinTargetPct": 0.175, "fatTargetPct": 0.325, "vitaminA_ug": 900.0, "vitaminC_mg": 90.0, "vitaminK_ug": 120.0, "folate_ug": 400.0, "potassium_mg": 4700.0, "calorieDeficitAccumulated": 1.8189894035458565e-12, "proteinDeficitAccumulated": 731.5740768916878, "hydrationLevel": 1.0, "micronutrientScore": 0.47579274306905023, "cognitivePerformance": 0.79031709722762, "boneHealthScore": 0.839606000000001, "immuneScore": 0.4071633156190032, "isAlive": true, "storedFoodCalories": 3375.185000000003, "storedFoodProteinG": 0.0}, {"id": "a4", "name": "Riley", "bodyMassKg": 75.0, "dailyCalorieNeed": 3000.0, "dailyProteinNeedG": 112.5, "dailyWaterNeedL": 2.3, "carbTargetPct": 0.5, "proteinTargetPct": 0.175, "fatTargetPct": 0.325, "vitaminA_ug": 900.0, "vitaminC_mg": 90.0, "vitaminK_ug": 120.0, "folate_ug": 400.0, "potassium_mg": 4700.0, "calorieDeficitAccumulated": 1.8189894035458565e-12, "proteinDeficitAccumulated": 731.5740768916878, "hydrationLevel": 1.0, "micronutrientScore": 0.47579274306905023, "cognitivePerformance": 0.79031709722762, "boneHealthScore": 0.839606000000001, "immuneScore": 0.4071633156190032, "isAlive": true, "storedFoodCalories": 3375.185000000003, "storedFoodProteinG": 0.0}], "plants": [{"name": "Potato", "area_m2": 300.0, "hydration": 62.688493740988946, "days_planted": 11, "growth_cycle_days": 90, "plant_id": "6816cf36"}, {"name": "Beans", "area_m2": 60.0, "hydration": 63.43176929861774, "days_planted": 34, "growth_cycle_days": 60, "plant_id": "b9c6e67f"}, {"name": "Lettuce", "area_m2": 40.0, "hydration": 60.49480684420331, "days_planted": 25, "growth_cycle_days": 35, "plant_id": "94b0f5fd"}, {"name": "Radish", "area_m2": 30.0, "hydration": 90.7254014163345, "days_planted": 3, "growth_cycle_days": 25, "plant_id": "d7f98f6e"}, {"name": "Herbs", "area_m2": 20.0, "hydration": 66.19310720040714, "days_planted": 10, "growth_cycle_days": 30, "plant_id": "20ac43d6"}], "resources": {"water_liters": 25942.63999999997, "growing_area_m2": 450.0, "energy_kwh": 500.0}, "inventory": {"Potato": 512.0699077976949, "Lettuce": 0.0, "Radish": 26.78614729169347, "Beans": 0.0, "Herbs": 8.605597517843794}, "mars_env": {"external_pressure_mbar": 6.5, "greenhouse_pressure_mbar": 1013.0, "external_co2_pct": 95.32, "greenhouse_co2_ppm": 1000.0, "external_temp_c": -63.0, "greenhouse_temp_c": 22.0, "solar_irradiance_wm2": 590.0, "led_supplement_par": 200.0, "radiation_msv_per_day": 0.67, "greenhouse_shielding": 0.7, "gravity_ms2": 3.721, "gravity_factor": 0.38, "dust_storm_active": false, "dust_storm_days_remaining": 0, "dust_storm_severity": 0.0}}