{"day": 175, "astronauts": [{"id": "a1", "name": "Alex", "bodyMassKg": 75.0, "dailyCalorieNeed": 3000.0, "dailyProteinNeedG": 112.5, "dailyWaterNeedL": 2.3, "carbTargetPct": 0.5, "proteinTargetPct": 0.175, "fatTargetPct": 0.325, "vitaminA_ug": 900.0, "vitaminC_mg": 90.0, "vitaminK_ug": 120.0, "folate_ug": 400.0, "potassium_mg": 4700.0, "calorieDeficitAccumulated": 90601.20000000001, "proteinDeficitAccumulated": 3593.4300000000003, "hydrationLevel": 1.0, "micronutrientScore": 0.14137869049886662, "cognitivePerformance": 0.056551476199546646, "boneHealthScore": 0.8219999999999998, "immuneScore": 0.17596229595523644, "isAlive": false, "storedFoodCalories": 431.9999999999841, "storedFoodProteinG": 0.0}, {"id": "a2", "name": "Jordan", "bodyMassKg": 75.0, "dailyCalorieNeed": 3000.0, "dailyProteinNeedG": 112.5, "dailyWaterNeedL": 2.3, "carbTargetPct": 0.5, "proteinTargetPct": 0.175, "fatTargetPct": 0.325, "vitaminA_ug": 900.0, "vitaminC_mg": 90.0, "vitaminK_ug": 120.0, "folate_ug": 400.0, "potassium_mg": 4700.0, "calorieDeficitAccumulated": 90601.20000000001, "proteinDeficitAccumulated": 3593.4300000000003, "hydrationLevel": 1.0, "micronutrientScore": 0.14137869049886662, "cognitivePerformance": 0.056551476199546646, "boneHealthScore": 0.8219999999999998, "immuneScore": 0.17596229595523644, "isAlive": false, "storedFoodCalories": 431.9999999999841, "storedFoodProteinG": 0.0}, {"id": "a3", "name": "Sam", "bodyMassKg": 75.0, "dailyCalorieNeed": 3000.0, "dailyProteinNeedG": 112.5, "dailyWaterNeedL": 2.3, "carbTargetPct": 0.5, "proteinTargetPct": 0.175, "fatTargetPct": 0.325, "vitaminA_ug": 900.0, "vitaminC_mg": 90.0, "vitaminK_ug": 120.0, "folate_ug": 400.0, "potassium_mg": 4700.0, "calorieDeficitAccumulated": 90601.20000000001, "proteinDeficitAccumulated": 3593.4300000000003, "hydrationLevel": 1.0, "micronutrientScore": 0.14137869049886662, "cognitivePerformance": 0.056551476199546646, "boneHealthScore": 0.8219999999999998, "immuneScore": 0.17596229595523644, "isAlive": false, "storedFoodCalories": 431.9999999999841, "storedFoodProteinG": 0.0}, {"id": "a4", "name": "Riley", "bodyMassKg": 75.0, "dailyCalorieNeed": 3000.0, "dailyProteinNeedG": 112.5, "dailyWaterNeedL": 2.3, "carbTargetPct": 0.5, "proteinTargetPct": 0.175, "fatTargetPct": 0.325, "vitaminA_ug": 900.0, "vitaminC_mg": 90.0, "vitaminK_ug": 120.0, "folate_ug": 400.0, "potassium_mg": 4700.0, "calorieDeficitAccumulated": 90601.20000000001, "proteinDeficitAccumulated": 3593.4300000000003, "hydrationLevel": 1.0, "micronutrientScore": 0.14137869049886662, "cognitivePerformance": 0.056551476199546646, "boneHealthScore": 0.8219999999999998, "immuneScore": 0.17596229595523644, "isAlive": false, "storedFoodCalories": 431.9999999999841, "storedFoodProteinG": 0.0}], "plants": [{"name": "Potato", "area_m2": 300.0, "hydration": 0.0, "days_planted": 175, "growth_cycle_days": 90, "plant_id": "59e7c80a"}, {"name": "Beans", "area_m2": 60.0, "hydration": 0.0, "days_planted": 175, "growth_cycle_days": 60, "plant_id": "19cca59e"}, {"name": "Lettuce", "area_m2": 40.0, "hydration": 74.0, "days_planted": 13, "growth_cycle_days": 35, "plant_id": "afc877bd"}, {"name": "Radish", "area_m2": 30.0, "hydration": 92.0, "days_planted": 4, "growth_cycle_days": 25, "plant_id": "69fe723a"}, {"name": "Herbs", "area_m2": 20.0, "hydration": 72.0, "days_planted": 14, "growth_cycle_days": 30, "plant_id": "fe2f8387"}], "resources": {"water_liters": 116.80000000000776, "growing_area_m2": 450.0, "energy_kwh": 500.0}, "inventory": {"Potato": 0.0, "Lettuce": 187.68, "Radish": 156.24, "Beans": 0.0, "Herbs": 38.88}}